index,success,ik_time_ms,pos_err_m,rot_err_rad,failure_reason
0,1,3.065918,1.3898947722636234e-09,0.0,
1,1,1.047389,3.266672627092593e-10,0.0,
2,1,1.104816,4.998029106276437e-09,2.9802322387695312e-08,
3,1,1.057642,9.565246407668472e-06,9.830882288047396e-06,
4,1,1.058863,1.1562238262125665e-09,0.0,
5,1,0.899113,1.9681058309386594e-07,1.2990531157078367e-07,
6,1,1.059085,3.050966273728553e-08,5.960464477539063e-08,
7,1,1.246687,2.5763435022943314e-08,1.6593230851978133e-07,
8,1,1.016206,7.173599539283433e-11,0.0,
9,1,1.448824,2.3877011455794098e-11,0.0,
10,1,1.105166,4.050295093181764e-08,2.497000702101561e-06,
11,1,1.095317,3.0068065890635675e-08,1.0745380149674385e-07,
12,1,0.859307,2.0261539764676576e-06,3.231456897502525e-06,
13,1,0.741861,2.203994071970481e-08,0.0,
14,1,0.899988,1.446549142712311e-09,0.0,
15,1,0.783084,4.212633887163096e-09,2.9802322387695312e-08,
16,1,0.908326,1.41997661830741e-07,9.200184965391915e-07,
17,1,0.902528,3.2968783889102305e-07,1.012402042833758e-06,
18,1,0.915977,6.37210531589301e-07,1.5301105562441049e-06,
19,1,0.861904,3.1026821437049793e-08,0.0,
20,1,1.455841,1.0677979168376641e-07,3.2098083538618743e-07,
21,1,0.786939,1.6753262610591114e-08,7.300048299977715e-08,
22,1,1.186709,2.0656895625690184e-07,4.85146659496419e-07,
23,1,0.764477,1.840186507163763e-07,9.587829078522663e-07,
24,1,1.078642,1.2002854398309044e-06,2.665434144596777e-06,
25,1,1.433577,2.645833600759741e-10,0.0,
26,1,0.946588,1.6450384849580235e-08,4.2146848510894035e-08,
27,1,0.708036,4.0001982736407245e-07,6.854534149169956e-07,
28,1,0.671868,4.653940525873824e-07,3.632828531368882e-06,
29,1,0.704804,2.0814743771719395e-08,2.858538343496754e-07,
30,1,0.943533,2.9145323569141608e-08,1.6049041769309358e-07,
31,1,0.697518,3.6380507909895646e-10,0.0,
32,1,0.728300,5.248029522686892e-10,0.0,
33,1,1.031751,2.0966690104330724e-09,0.0,
34,1,0.678714,1.175676047602977e-11,0.0,
35,1,0.773223,7.491852230414819e-07,1.3190684304434735e-06,
36,1,0.752075,6.064567154337296e-08,2.7476383618393225e-07,
37,1,0.770627,5.6776476017571655e-09,4.2146848510894035e-08,
38,1,0.732818,7.894173523873755e-10,0.0,
39,0,6.381270,nan,nan,ik_failed_-31
40,1,0.826913,4.9378658315078825e-08,2.715120786173435e-07,
41,1,0.708868,4.015426998150875e-08,9.424321830774485e-08,
42,1,1.296545,3.550000104808312e-08,0.0,
43,1,0.688564,5.1763361048750833e-08,1.3657139822709086e-07,
44,1,0.697666,4.934645113571446e-07,2.889442358861168e-07,
45,1,0.687529,6.429867816266607e-07,1.7151230060981035e-06,
46,1,0.683845,4.4707675670750364e-10,0.0,
47,1,0.745259,1.845801311298792e-06,7.916149847117862e-06,
48,1,0.649713,3.738971820272091e-12,0.0,
49,1,0.747091,1.3822424838865229e-09,0.0,
50,1,0.925375,1.4539776016766113e-08,0.0,
51,1,0.767584,4.2365024091219116e-09,0.0,
52,1,0.726579,5.547264131639889e-09,0.0,
53,1,0.769118,3.325622255342614e-08,5.16191365590357e-08,
54,1,0.771917,4.917557885869253e-11,2.9802322387695312e-08,
55,1,0.958030,1.6918106681641058e-09,0.0,
56,1,1.167861,2.5237218182771017e-07,9.884312124119402e-08,
57,1,0.773619,2.955848074128961e-06,2.0615367419149907e-06,
58,1,0.702803,1.273084632085118e-09,0.0,
59,1,0.670348,2.8586999303735876e-08,3.2098083538618743e-07,
60,1,0.678296,3.5923391714643547e-07,6.963802245585908e-07,
61,1,0.700007,5.734471678979665e-08,6.664001874625056e-08,
62,1,0.997347,6.781092549169758e-10,0.0,
63,1,0.752838,2.0642770197143978e-08,9.884312124119402e-08,
64,1,0.797461,1.4756414531661658e-10,0.0,
65,1,0.743544,5.549594668903804e-06,7.476998224533011e-06,
66,1,0.893362,5.8801112622257886e-08,2.3276357876976306e-07,
67,1,1.242578,3.0544985201772415e-06,7.372386207572872e-06,
68,1,0.726204,1.5170281455731268e-09,0.0,
69,1,1.014702,1.046674461771662e-09,0.0,
70,1,0.794796,3.7669564004543414e-09,0.0,
71,1,0.841797,9.116258976355789e-08,2.1283115233608642e-07,
72,1,1.094047,1.9046269613396945e-08,2.5809568279517867e-07,
73,1,1.137441,4.936765631161798e-10,0.0,
74,1,0.761375,3.3280123272177857e-07,5.575503985246947e-07,
75,1,0.697802,5.2296149539574015e-08,7.884953353001448e-08,
76,1,0.724324,4.388014930898611e-06,8.89113717392437e-06,
77,1,0.873050,3.483586216832149e-10,0.0,
78,1,0.741567,9.833621702396273e-07,7.848485594046888e-06,
79,1,0.738351,1.7891546118443345e-09,0.0,
80,1,0.813828,7.819517007702368e-08,2.043144285798385e-07,
81,1,0.811649,5.61769276780602e-07,8.678567277527542e-07,
82,1,0.902224,9.54324847221407e-11,0.0,
83,1,1.012876,4.369568939170103e-09,0.0,
84,1,0.844109,1.8367672844165773e-07,8.45041685030337e-07,
85,1,1.004790,5.9420908907866235e-08,3.1959430261741937e-07,
86,1,0.769782,4.6959707185333536e-08,9.424321830774485e-08,
87,1,0.840156,7.259277709533538e-10,0.0,
88,1,0.850196,3.563336931184339e-09,0.0,
89,1,0.856314,5.41048559849058e-07,3.404776752436029e-06,
90,1,0.716483,7.1009882035942674e-09,2.9802322387695312e-08,
91,1,0.752811,2.5169691800683417e-08,0.0,
92,1,0.722325,8.88887837740657e-07,3.3410516875369904e-06,
93,1,0.731170,3.8201597812591336e-10,0.0,
94,1,0.623342,1.1108144573166043e-08,4.2146848510894035e-08,
95,1,0.748355,4.227416429573354e-08,9.884312124119402e-08,
96,1,0.744668,2.8187467022004536e-08,5.960464477539063e-08,
97,1,0.959947,2.473676587296982e-11,0.0,
98,1,0.778738,9.917553807148915e-10,0.0,
99,1,0.732565,9.014605465335436e-09,0.0,
100,1,0.846104,5.311556467399727e-07,2.47413129574282e-06,
101,1,1.062547,4.918906732713755e-10,0.0,
102,1,0.796378,2.593766625782184e-08,0.0,
103,1,1.321437,9.29696013007223e-09,1.3978528260658475e-07,
104,1,0.894317,1.4397554159358088e-08,0.0,
105,1,0.761929,1.0521203196744622e-11,0.0,
106,1,0.886286,2.3282405725375523e-06,6.196590146242249e-06,
107,1,0.754859,2.2660184743059492e-07,8.78031245628378e-07,
108,1,0.766881,3.970685153608546e-08,2.715120786173435e-07,
109,1,0.766683,9.602379831339716e-08,3.9311963195422116e-07,
110,1,1.033062,1.0058474642349327e-07,2.3841857910156266e-07,
111,1,0.906152,1.6456314870781709e-10,0.0,
112,1,0.962317,1.0643913727760238e-06,7.136831778499275e-06,
113,1,1.611599,8.449410040108741e-06,6.523646001921696e-06,
114,1,1.057154,1.0675448004596621e-11,2.9802322387695312e-08,
115,1,0.809761,1.7133826549690644e-08,5.543552409928541e-07,
116,1,0.754178,2.1079237498030816e-09,0.0,
117,1,0.757757,1.4108844780961513e-08,2.9802322387695312e-08,
118,1,0.775467,1.4439850085251789e-08,2.9802322387695312e-08,
119,1,0.819740,5.402320539649356e-10,0.0,
120,1,0.660690,2.2427773324766677e-08,5.960464477539063e-08,
121,1,0.724093,2.5306055133996927e-09,0.0,
122,1,0.723330,9.333444312017385e-07,3.6488072724259596e-06,
123,1,0.758775,7.29938414717038e-07,7.84650494648872e-06,
124,1,0.770071,6.86808658607438e-06,5.198604904649961e-06,
125,1,0.820237,2.0781336582363945e-10,0.0,
126,1,0.776734,2.3381444793345727e-06,8.260513510091156e-06,
127,1,0.919091,1.06650728966161e-09,0.0,
128,1,0.884662,7.56116263297878e-07,1.1083098639123016e-06,
129,1,0.983626,1.1309129238748866e-10,0.0,
130,1,0.876103,1.322209785060743e-08,1.5196262340524156e-07,
131,1,0.905451,2.890551013934186e-10,0.0,
132,1,0.837203,3.653233652267228e-09,0.0,
133,1,0.891515,1.0356568349685137e-08,0.0,
134,1,0.717579,2.564762358837047e-06,4.222159289014074e-06,
135,1,0.681678,1.0390249153754833e-06,5.4328579259440155e-06,
136,1,0.742433,6.788839770155862e-09,0.0,
137,1,0.633845,5.706045163646519e-08,8.05214410192155e-07,
138,1,0.733717,5.627914259615988e-08,7.133906604996852e-07,
139,1,0.716741,6.8967773459615725e-09,0.0,
140,1,0.684332,8.664785037614508e-09,0.0,
141,1,0.675186,3.165270049833575e-08,1.3657139822709086e-07,
142,1,0.861169,2.546594132517672e-09,0.0,
143,1,0.794327,8.461008974031345e-10,0.0,
144,1,1.027987,1.3687259264466007e-10,0.0,
145,1,0.890331,1.080249357510683e-08,4.2146848510894035e-08,
146,1,1.179182,1.1392431092566906e-07,6.085806446272795e-07,
147,1,0.946659,3.322035866801839e-10,0.0,
148,1,0.993375,1.1695489941662318e-10,0.0,
149,1,0.784679,1.6902375852480506e-09,0.0,
150,1,0.788565,5.860288379856425e-06,7.229996729811716e-06,
151,1,0.754689,1.4991557786422668e-09,0.0,
152,1,0.787418,7.487248766646589e-06,8.966983457974429e-06,
153,1,0.931511,2.9908051648074806e-08,1.9082797281243954e-07,
154,1,0.725735,6.454554143687087e-11,0.0,
155,1,0.733387,7.021917695002741e-08,1.4292691717483762e-07,
156,1,0.716497,3.3235738374753416e-11,0.0,
157,1,5.097875,3.243100589977586e-07,3.7814907850174724e-07,
158,1,1.124350,4.699348954588136e-08,2.346637211445515e-07,
159,1,0.800564,1.271501265180182e-06,3.4566840006325077e-06,
160,1,1.144442,8.295894640137341e-07,8.534086384341992e-07,
161,1,0.865221,3.5272821165121404e-08,1.1151007970493858e-07,
162,1,0.774288,1.8562386614688373e-06,4.813605573075972e-06,
163,1,0.854012,2.8167494387297577e-09,0.0,
164,1,0.739181,1.1435166825091268e-09,0.0,
165,1,0.860733,4.1167904445355467e-10,0.0,
166,1,0.755159,4.3117664852549294e-10,0.0,
167,1,0.718011,1.1164290948624156e-06,1.9385259590089383e-06,
168,1,0.726327,7.845865855298744e-07,1.549720764160195e-06,
169,1,0.775483,1.5047622418821947e-10,0.0,
170,1,0.779360,8.368919776330457e-07,3.632828531368882e-06,
171,1,0.807901,1.3997160406060878e-07,3.462716948575456e-07,
172,1,0.752669,2.6648148236535407e-07,5.678105021493946e-07,
173,1,0.925429,9.615634448612669e-06,5.976313143688817e-06,
174,1,0.863929,7.9849599580077e-07,9.410174729732925e-07,
175,1,1.227543,2.1786052031739526e-08,5.960464477539063e-08,
176,1,0.779885,1.7377145784159934e-06,5.503352079576088e-07,
177,1,0.937625,2.984940998987967e-11,0.0,
178,1,0.850774,1.121578407183668e-06,6.07119464500649e-07,
179,1,3.479663,3.67655155234918e-08,1.3328003749250115e-07,
180,1,0.873922,1.3657847987253431e-08,0.0,
181,1,0.755968,3.369890370318198e-08,2.9802322387695312e-08,
182,1,0.710247,1.126356302981654e-09,0.0,
183,1,0.730926,1.994829802019128e-06,1.7269925110877598e-06,
184,1,0.784968,8.65828577517621e-08,2.632069845893339e-07,
185,1,1.032645,2.435455323664381e-11,0.0,
186,1,0.790682,4.276958662165066e-07,1.2485003510507198e-06,
187,1,0.876170,3.472436770424122e-06,9.239681255418278e-06,
188,1,1.006597,6.289442699959664e-11,0.0,
189,1,0.709245,7.471213230524488e-09,0.0,
190,1,0.829730,2.1423630122645374e-06,5.159159900757886e-06,
191,1,0.903823,5.313732994586968e-09,4.2146848510894035e-08,
192,1,0.659235,9.676903260369227e-08,7.177349673981881e-07,
193,1,0.722206,9.388463214092557e-07,2.2252178971571995e-06,
194,1,0.725197,2.1017673497784636e-11,0.0,
195,1,0.673323,4.5981743507648667e-10,0.0,
196,1,0.802171,2.974723766676881e-07,3.99840112477504e-07,
197,1,0.765515,1.517020253544402e-08,0.0,
198,1,1.609289,3.9671109335947634e-07,1.9082797281243954e-07,
199,1,0.673223,1.1957030720122154e-09,0.0,
200,1,1.791090,2.537945999307708e-07,6.426530674948667e-07,
201,1,0.565531,2.580187037598162e-06,2.656254763026098e-06,
202,1,0.829359,1.6903366333013046e-09,0.0,
203,1,0.556381,2.3042902039518984e-06,3.98761310158052e-06,
204,1,0.784877,2.135617171326965e-06,1.4703150252752646e-06,
205,1,0.556018,7.994794111831705e-12,0.0,
206,1,0.614295,8.052650792511615e-10,0.0,
207,1,0.738297,2.3056708765324848e-10,0.0,
208,1,0.704434,4.74360589354453e-08,1.3657139822709086e-07,
209,1,0.604097,1.0826015822159983e-10,0.0,
210,1,0.560696,2.3202641285841706e-06,4.9552578733141855e-06,
211,1,0.555161,9.61447190860347e-08,1.032382731180714e-07,
212,1,0.686528,8.108796395914604e-10,0.0,
213,1,1.265204,5.930071547929854e-07,2.917128286371446e-06,
214,1,0.564943,7.497491645497693e-10,0.0,
215,1,0.567240,1.8618551126924157e-06,7.461004118399206e-06,
216,1,0.622002,3.753355079397149e-09,0.0,
217,1,0.679041,5.384480926534368e-10,0.0,
218,1,0.587662,6.654838454168224e-09,0.0,
219,1,0.505610,4.4741882845469556e-08,6.151130032703392e-07,
220,1,0.757632,3.6553050293431973e-09,0.0,
221,1,0.554174,3.700175038085085e-11,0.0,
222,1,0.620199,3.8174125381080066e-07,1.176342627763202e-06,
223,1,0.612001,5.290509709309655e-07,1.6029660533500388e-06,
224,1,0.579045,1.7021058964603126e-09,0.0,
225,1,0.604996,9.584022089511668e-09,0.0,
226,1,0.822151,6.739566158952388e-08,1.632340423778195e-07,
227,1,0.617259,6.382808600435364e-10,0.0,
228,1,0.609033,4.769467263218058e-08,1.1151007970493858e-07,
229,1,0.599621,2.311046501635105e-09,0.0,
230,1,0.568279,4.003900855181091e-08,8.429369702178807e-08,
231,1,0.546825,3.6669761044835523e-09,0.0,
232,1,0.498585,3.776657341554983e-10,2.9802322387695312e-08,
233,1,0.594505,4.736938480916065e-10,2.9802322387695312e-08,
234,1,0.472149,3.5142109391525564e-08,7.300048299977715e-08,
235,1,0.403333,5.425580154998138e-11,0.0,
236,1,0.519090,3.3722598331762176e-09,0.0,
237,1,0.453282,1.1184408582309794e-08,5.16191365590357e-08,
238,1,0.554347,1.290547074291664e-06,3.0113620946574975e-06,
239,1,0.539047,2.8604215476744305e-07,3.744670998930303e-06,
240,1,0.671228,1.4790603424202017e-07,4.400260168383548e-07,
241,1,0.732765,1.1209187992793694e-10,0.0,
242,1,0.775689,8.527377900934942e-07,2.3931097864968692e-06,
243,1,0.897219,7.246486723888681e-08,1.5485740967710712e-07,
244,1,0.831148,8.923625471222518e-07,1.929570920019063e-06,
245,1,0.997776,1.5782069110160058e-07,2.043144285798385e-07,
246,1,0.923644,1.802332558786508e-06,4.952747883275565e-06,
247,1,4.621262,1.5379842593525636e-08,0.0,
248,1,0.824393,1.1083585523682552e-11,0.0,
249,1,0.755247,1.1572879432550429e-08,9.424321830774485e-08,
250,1,0.732347,1.9494112990082745e-08,4.2146848510894035e-08,
251,1,0.710805,1.1355893754059264e-07,5.77119491429244e-07,
252,1,0.770392,9.574672663083815e-08,2.326872503273992e-06,
253,1,0.721528,2.8157478086974653e-07,4.805480091749769e-07,
254,1,0.623493,5.183862666251318e-07,1.6515434983370071e-06,
255,1,0.772064,1.878560054224796e-06,2.006738885585443e-06,
256,1,0.779982,2.828328662893523e-08,4.2146848510894035e-08,
257,1,0.914598,4.89959888460926e-09,0.0,
258,1,0.865350,1.2136516617774606e-09,0.0,
259,1,0.808160,5.836565028269369e-09,0.0,
260,1,0.753776,4.432901337298654e-06,9.020459498502585e-06,
261,1,0.933208,1.055229911974676e-09,0.0,
262,1,0.785356,1.2323003632342324e-10,0.0,
263,1,0.915366,1.7012986780110668e-08,2.9802322387695312e-08,
264,1,0.714007,1.2359545221432352e-08,4.2146848510894035e-08,
265,1,0.734012,2.965557084623521e-10,0.0,
266,1,0.765707,1.0697471507809185e-09,0.0,
267,1,0.664250,4.491445173587725e-09,0.0,
268,1,0.720540,6.692710907595435e-07,3.264680847556393e-07,
269,1,0.666860,5.069457662407809e-08,2.5111883202720774e-07,
270,1,0.768937,3.7749527598800084e-08,5.960464477539063e-08,
271,1,0.721693,5.462300445714852e-08,2.7003601288974655e-06,
272,1,0.611487,6.759492439871648e-08,3.9311963195422116e-07,
273,1,0.936160,1.0186231427860676e-08,0.0,
274,1,0.842516,4.5830042408805905e-07,2.566462772084768e-06,
275,1,0.997045,7.890011208933564e-09,0.0,
276,1,0.934399,1.045807621832801e-07,1.7881393432617193e-07,
277,1,0.828344,1.3272014025089335e-07,1.7049950051770491e-06,
278,1,0.890875,1.6746598807334215e-09,0.0,
279,1,0.866304,2.137847798823844e-06,4.122965774129919e-06,
280,1,0.794283,1.4780361627745176e-06,1.1026859283447405e-06,
281,1,0.746820,1.030043725245342e-07,2.043144285798385e-07,
282,1,1.022132,6.066972268860605e-09,0.0,
283,1,1.042339,3.159276588672189e-07,3.009887021291878e-07,
284,1,0.666960,4.197916750061974e-09,0.0,
285,1,0.902225,3.470578327676353e-09,0.0,
286,1,0.777013,4.7668092062241517e-07,2.1521734267332174e-06,
287,1,0.712688,3.7178767580910804e-06,6.103367193662189e-06,
288,1,0.788524,6.30290624028092e-08,8.688795409866194e-07,
289,1,1.218222,3.6299301439844776e-07,2.337345815145053e-06,
290,1,1.192703,7.328858642480135e-08,7.300048299977715e-08,
291,1,0.968304,1.5651683615336633e-06,1.1827430029502342e-06,
292,1,0.962965,2.8380812333452546e-12,0.0,
293,1,1.005445,4.303817280852693e-07,1.3058723390225787e-06,
294,1,1.099108,2.8075981256264554e-07,2.3654860059004356e-07,
295,1,0.933318,1.0518383290165012e-07,4.588009213906731e-07,
296,1,0.819067,1.5574762862902628e-09,0.0,
297,1,0.966761,1.4836785397220195e-08,0.0,
298,1,1.017956,2.7564811178505366e-08,2.9802322387695312e-08,
299,1,0.877384,2.8155573336747603e-06,8.381025612780765e-06,
300,1,0.958352,1.113506168594362e-09,0.0,
301,1,0.766546,1.0237635438254281e-10,0.0,
302,1,1.143596,5.253578359389811e-06,4.91259442861956e-06,
303,1,1.037488,3.1862624568446723e-07,1.0929775727327154e-06,
304,1,1.026432,1.832808027224754e-07,5.331201499700061e-07,
305,1,0.959680,3.01759511123269e-08,0.0,
306,1,1.063755,6.486289211807116e-07,5.101335873789709e-07,
307,1,0.943009,9.076612930385611e-08,1.1418607271115944e-06,
308,1,1.099817,4.687762802638678e-10,0.0,
309,1,0.769260,3.513063081302255e-10,4.2146848510894035e-08,
310,1,0.811325,8.160010248420982e-09,0.0,
311,1,0.777266,2.6517345486120605e-09,2.9802322387695312e-08,
312,1,0.707216,2.2741049365045576e-09,0.0,
313,1,0.774102,4.994683201525189e-07,7.390735606931039e-07,
314,1,0.737387,1.9100697199605022e-07,6.730311984203021e-07,
315,1,0.853421,3.5658401430883102e-09,0.0,
316,1,0.799656,4.84820125282346e-09,0.0,
317,1,0.884050,5.705674789236211e-07,8.508028044474307e-07,
318,1,0.773925,1.8182777934802885e-06,6.6370247026425806e-06,
319,1,0.883877,4.358781288586378e-06,6.408261652998426e-06,
320,1,0.794027,6.977717550690142e-08,1.264405455326821e-07,
321,1,0.910797,5.746997390729576e-09,0.0,
322,1,0.942427,1.1592926703690094e-06,7.694368649994896e-06,
323,1,0.722086,8.473400466394628e-10,0.0,
324,1,0.970740,7.202739002977708e-09,0.0,
325,1,0.649258,1.3563289586273366e-06,9.620704823221022e-06,
326,1,0.779858,1.794155799061066e-08,4.2146848510894035e-08,
327,1,0.724696,6.912126274698793e-08,2.665600749850024e-07,
328,1,0.737746,2.5487192666362933e-06,7.62502770697001e-06,
329,1,0.747152,8.881334561549262e-07,1.3031489318058392e-06,
330,1,0.786156,2.0749306280727014e-11,0.0,
331,1,0.871879,1.169885091497974e-09,0.0,
332,1,0.862000,1.0235230617805587e-07,4.204134935041043e-07,
333,1,1.021476,3.566023921345276e-07,5.364418029785172e-07,
334,1,0.900256,1.5222860174828985e-09,0.0,
335,1,1.019841,1.6913298564256198e-06,2.708898319162895e-06,
336,1,0.835997,6.578998678928584e-08,3.264680847556393e-07,
337,1,0.761249,8.090441154446462e-12,0.0,
338,1,0.786043,6.769662534279753e-11,0.0,
339,1,0.728192,1.710282662652684e-09,0.0,
340,1,0.991183,6.151245750301761e-09,0.0,
341,1,0.715500,8.84612811904654e-06,6.521467277304892e-06,
342,1,0.702399,2.818588451654601e-10,0.0,
343,1,0.742987,5.90987474750049e-10,2.9802322387695312e-08,
344,1,0.769395,1.3041172660089768e-08,4.2146848510894035e-08,
345,1,0.715232,3.303785910726314e-08,2.3276357876976306e-07,
346,1,0.755212,8.825825610040134e-11,0.0,
347,1,0.726908,2.2135224001682375e-11,0.0,
348,1,0.833936,3.5993253746283256e-06,6.10154788887044e-06,
349,1,0.757093,6.95164848579115e-11,0.0,
350,1,0.887779,7.620642566148287e-08,7.220531368008723e-07,
351,1,0.834197,2.009421240544512e-09,0.0,
352,1,0.705318,2.5899615911802807e-08,0.0,
353,1,0.980837,1.4302236873219372e-08,0.0,
354,1,0.915329,1.7516200920105643e-08,0.0,
355,1,0.701514,1.7847878938443207e-07,5.65459309846471e-07,
356,1,0.727390,1.7519458751237306e-08,1.490116119384766e-07,
357,1,0.611293,1.1439803174846796e-09,0.0,
358,1,0.740428,1.2243192981860171e-06,5.293164294583799e-06,
359,1,0.714010,1.9106619368948896e-06,2.038792535840012e-06,
360,1,0.966208,3.818385088491098e-08,1.5196262340524156e-07,
361,1,0.885093,2.4833106082167467e-10,0.0,
362,1,0.757671,1.2341911328196545e-07,2.493441183966625e-07,
363,1,0.781532,7.848436891797396e-09,0.0,
364,1,0.751003,2.4116262808964304e-09,0.0,
365,1,0.884704,4.4598815493050625e-06,7.18316344754277e-06,
366,1,1.016936,1.9225636026753863e-10,0.0,
367,1,0.774252,2.851272053959058e-07,2.043144285798385e-07,
368,1,0.773525,1.0583952664677797e-07,1.0154679439902905e-06,
369,1,0.718038,6.47074903471671e-10,0.0,
370,1,0.601207,1.156913270865442e-07,2.1073424255447025e-07,
371,1,0.698488,8.402573483374073e-08,2.598106231415675e-07,
372,1,0.733625,5.330033293063256e-09,5.960464477539063e-08,
373,1,0.708593,3.0011605775540834e-07,1.4082976997746114e-06,
374,1,1.810089,8.477269257227272e-07,9.680021863527223e-07,
375,1,0.893896,1.6380672089103293e-06,4.164974515548615e-06,
376,1,0.869752,1.985583056570966e-06,8.312871571632033e-06,
377,0,9.255318,nan,nan,ik_failed_-31
378,1,1.053718,1.5585187616016024e-10,0.0,
379,1,1.161469,1.311274649780738e-08,7.300048299977715e-08,
380,1,0.767855,6.015750207433442e-07,4.6169559314339464e-07,
381,1,0.936496,2.603849209332227e-07,2.6281863651592266e-06,
382,1,1.013671,2.4056536217900983e-06,5.469761426937866e-06,
383,1,0.712648,2.420716597913365e-08,6.664001874625056e-08,
384,1,0.712242,5.217401176257676e-09,0.0,
385,1,0.947379,4.7133143129614295e-09,0.0,
386,1,0.736575,2.1660954073135508e-08,0.0,
387,1,0.928143,1.0224743970263275e-09,0.0,
388,1,1.056440,1.0187547515690795e-06,3.4452309648085147e-06,
389,1,0.958444,4.0732331456326374e-08,3.31864617039563e-07,
390,1,1.009728,1.1434780703599973e-06,3.210085049552903e-06,
391,1,0.910173,1.7887472024744313e-11,0.0,
392,1,0.900025,8.892567616403839e-07,8.256749418567778e-06,
393,1,0.819105,2.3753200168228858e-07,1.7841612752790764e-06,
394,1,0.863076,1.321021717048203e-06,1.2808065978851714e-06,
395,1,0.926950,3.5404878446396394e-08,6.664001874625056e-08,
396,1,0.765774,1.5743662962501118e-11,0.0,
397,1,0.833167,3.17453479165553e-06,5.095064165543875e-06,
398,1,0.693954,1.1702289853023868e-10,0.0,
399,1,1.097095,4.292165563051265e-10,0.0,
400,1,0.882393,3.5650065698400307e-06,3.4974266534286666e-06,
401,1,0.835999,9.794401161055688e-08,5.960464477539063e-08,
402,1,0.749207,3.521590837647325e-08,1.1920928955078128e-07,
403,1,0.836864,1.8595234422687496e-06,1.5887740773275125e-06,
404,1,0.751720,6.826116396153967e-10,0.0,
405,1,0.738962,4.0740305682349884e-08,1.8371385344770487e-07,
406,1,0.885885,4.607527295338863e-11,0.0,
407,1,0.831800,6.557359647921293e-07,2.346637211445515e-07,
408,1,2.058466,2.0667603017883832e-07,2.8740318897345554e-07,
409,1,0.983592,1.2997508430311306e-09,0.0,
410,1,1.068018,6.328805352187478e-10,0.0,
411,1,0.848635,1.9258758391286287e-07,1.0511393599837184e-06,
412,1,0.932190,1.0363824046654392e-08,0.0,
413,1,0.960788,1.8953830450790052e-06,3.031351832140119e-06,
414,1,1.144074,6.287455455734909e-08,8.429369702178807e-08,
415,1,0.611884,6.836567323476642e-09,0.0,
416,1,0.755314,5.65930792968071e-08,3.8857474358097666e-07,
417,1,0.833662,1.7658218053977797e-07,3.5513565802016856e-07,
418,1,0.786911,1.9458601006069478e-07,1.3506733409911246e-06,
419,1,0.942897,1.3358529414053517e-09,0.0,
420,1,0.989773,5.701194165103897e-08,2.1900144899933154e-07,
421,1,0.996193,1.0413706977483962e-10,0.0,
422,1,0.748053,4.362676645146648e-08,1.032382731180714e-07,
423,1,0.907080,8.64416257731222e-07,1.916175771436587e-06,
424,1,1.170881,3.8912260677094634e-08,1.2287812309317772e-07,
425,1,0.761762,2.58506493249604e-07,1.5335894024692682e-06,
426,1,0.690008,8.993076912418624e-08,5.255696799918546e-07,
427,1,0.718388,2.1850273465194265e-07,1.1151007970493858e-07,
428,1,0.710349,2.497626046217394e-08,4.2146848510894035e-08,
429,1,0.823493,6.0182706328718364e-06,4.680957339477908e-06,
430,1,0.734609,2.8844249753032077e-06,4.784270691976243e-06,
431,1,0.848558,8.610526790622907e-08,9.296222901631809e-07,
432,1,0.673836,3.3653802851417234e-06,8.328296184078837e-06,
433,1,0.774855,6.630247013462067e-07,3.2495466194251023e-06,
434,1,0.976906,6.761379488834952e-09,0.0,
435,1,0.949024,5.284021741613091e-11,0.0,
436,1,0.851891,2.931129255906234e-09,0.0,
437,1,0.889258,3.0659405693503725e-10,0.0,
438,1,0.877647,1.0144792270648262e-07,2.3276357876976306e-07,
439,1,0.776967,3.4457379586164594e-08,2.7637536810325715e-07,
440,1,0.767046,2.3557616844193866e-07,2.8664505159948713e-06,
441,0,8.601998,nan,nan,ik_failed_-31
442,1,1.020964,1.2822561277942359e-06,3.0557191831562717e-06,
443,1,0.894673,1.9941204206352614e-10,0.0,
444,1,0.734492,2.7612904068333656e-07,1.7233887070180663e-06,
445,1,0.900044,3.4039148468939747e-06,4.434040764189028e-06,
446,1,0.727301,2.142714152538603e-06,9.398699967989079e-06,
447,1,0.832142,2.493654971307046e-10,0.0,
448,1,0.742198,1.5818605293549606e-10,0.0,
449,1,0.906691,1.8803632258880455e-09,0.0,
450,1,0.739945,1.4998755558107496e-06,4.237383028788458e-06,
451,0,5.965859,nan,nan,ik_failed_-31
452,1,0.837715,3.540481556547036e-11,0.0,
453,1,0.893914,9.792940890254317e-07,1.7968106621484002e-06,
454,1,0.679771,1.6317369603624235e-07,1.9166392315404584e-06,
455,1,0.708872,1.5941342672456472e-06,7.163042588712661e-06,
456,1,0.889894,8.487156701597469e-11,0.0,
457,1,0.821148,5.00418617050987e-10,0.0,
458,1,0.736351,7.656070048004703e-08,1.3978528260658475e-07,
459,1,0.703328,4.1007483823605415e-08,1.3978528260658475e-07,
460,1,0.649040,3.689964685655103e-07,1.5205026887445933e-06,
461,1,0.854098,2.224460351385767e-06,7.133408583665562e-06,
462,1,0.735049,1.3826992169823492e-10,0.0,
463,1,0.817500,2.163425277076679e-07,3.976125736274229e-07,
464,1,0.722083,7.470714248368658e-07,5.0995074223315e-06,
465,1,0.617756,2.2833456698924566e-06,4.955168252705706e-06,
466,1,0.658608,6.648759257551359e-10,0.0,
467,1,1.137990,6.211312422394816e-07,5.46285592908365e-07,
468,1,0.678435,9.433711132210979e-11,0.0,
469,1,0.654174,5.548140163694671e-09,5.16191365590357e-08,
470,1,0.751967,9.817448077314066e-09,2.9802322387695312e-08,
471,1,0.681084,2.1937969148616187e-10,0.0,
472,1,0.596067,1.3797211828601131e-06,5.5136712768821414e-06,
473,1,0.665693,1.3347653549141513e-08,0.0,
474,1,1.206663,1.6764779808213314e-11,0.0,
475,1,0.854802,1.3305427790349434e-06,6.621617315048978e-06,
476,1,0.824989,3.16587698073805e-06,3.83408933443931e-06,
477,1,0.888430,1.1964714549257168e-10,0.0,
478,1,0.981514,3.5706596106454696e-09,0.0,
479,1,0.663326,1.5952951021806527e-06,4.943863057543179e-06,
480,1,0.922053,2.1222771859011077e-06,8.366229051549457e-06,
481,1,0.737071,5.80979571261684e-09,0.0,
482,1,1.158121,5.545192785493787e-07,1.9907415976721552e-06,
483,1,0.776049,2.4844276780653598e-11,0.0,
484,1,0.813077,1.957003880417834e-06,1.683765279272312e-06,
485,1,0.733744,4.6038057707188776e-07,1.7960690466546857e-06,
486,1,0.703413,1.8611409615635138e-08,0.0,
487,1,0.779782,7.52502996631879e-09,0.0,
488,1,0.827617,3.2468672451865876e-09,0.0,
489,1,0.907692,5.460879581991848e-09,0.0,
490,1,0.973715,4.528249730692483e-07,1.2622963538496329e-06,
491,1,0.793038,8.813772114185165e-09,0.0,
492,1,0.945583,2.1484834020701362e-07,7.685301875011745e-07,
493,1,0.802160,8.807465044203378e-08,3.264680847556393e-07,
494,1,1.027038,4.305882880794665e-07,1.4648682746225337e-06,
495,1,0.779750,1.013124737862555e-11,0.0,
496,1,0.825883,6.8290995731474145e-12,0.0,
497,1,0.917614,6.272366178534419e-09,0.0,
498,1,0.749375,6.73004902187462e-06,8.642005483534516e-06,
499,1,0.698241,1.479902072762493e-09,0.0,
